Sno,Names,Phone
1,Dhrithi,  
2,Dhrithi,  
3,Dhrithi,  
4,Dhrithi,  
5,Dhrithi,  
6,Dhrithi,  
7,Dhrithi,  
8,Dhrithi,  
9,Dhrithi,  
10,Dhrithi,  
11,Dhrithi,  
12,Dhrithi,  
13,Dhrithi,  
14,Dhrithi,  
15,Dhrithi,  
16,Dhrithi,  
17,Dhrithi,  
18,Dhrithi,  
19,Dhrithi,  
20,Dhrithi,  
21,Dhrithi,  
22,Dhrithi,  
23,Dhrithi,  
24,Dhrithi,  
25,Dhrithi,  
26,Dhrithi,  
27,Dhrithi,  
28,Dhrithi,  
29,Dhrithi,  
30,Dhrithi,  
31,Dhrithi,  
32,Dhrithi,  
33,Dhrithi,  
34,Dhrithi,  
35,Dhrithi,  
36,Dhrithi,  
37,Dhrithi,  
38,Dhrithi,  
39,Dhrithi,  
40,Dhrithi,  